{
    "1111": {
        "playcount": 1,
        "turn_count": 4
    },
    "1112": {
        "playcount": 0,
        "turn_count": 0
    },
    "1113": {
        "playcount": 0,
        "turn_count": 0
    },
    "1114": {
        "playcount": 0,
        "turn_count": 0
    },
    "1115": {
        "playcount": 0,
        "turn_count": 0
    },
    "1116": {
        "playcount": 0,
        "turn_count": 0
    },
    "1121": {
        "playcount": 0,
        "turn_count": 0
    },
    "1122": {
        "playcount": 0,
        "turn_count": 0
    },
    "1123": {
        "playcount": 0,
        "turn_count": 0
    },
    "1124": {
        "playcount": 0,
        "turn_count": 0
    },
    "1125": {
        "playcount": 0,
        "turn_count": 0
    },
    "1126": {
        "playcount": 0,
        "turn_count": 0
    },
    "1131": {
        "playcount": 0,
        "turn_count": 0
    },
    "1132": {
        "playcount": 0,
        "turn_count": 0
    },
    "1133": {
        "playcount": 0,
        "turn_count": 0
    },
    "1134": {
        "playcount": 0,
        "turn_count": 0
    },
    "1135": {
        "playcount": 0,
        "turn_count": 0
    },
    "1136": {
        "playcount": 0,
        "turn_count": 0
    },
    "1141": {
        "playcount": 0,
        "turn_count": 0
    },
    "1142": {
        "playcount": 0,
        "turn_count": 0
    },
    "1143": {
        "playcount": 0,
        "turn_count": 0
    },
    "1144": {
        "playcount": 0,
        "turn_count": 0
    },
    "1145": {
        "playcount": 0,
        "turn_count": 0
    },
    "1146": {
        "playcount": 0,
        "turn_count": 0
    },
    "1151": {
        "playcount": 0,
        "turn_count": 0
    },
    "1152": {
        "playcount": 0,
        "turn_count": 0
    },
    "1153": {
        "playcount": 0,
        "turn_count": 0
    },
    "1154": {
        "playcount": 0,
        "turn_count": 0
    },
    "1155": {
        "playcount": 0,
        "turn_count": 0
    },
    "1156": {
        "playcount": 0,
        "turn_count": 0
    },
    "1161": {
        "playcount": 0,
        "turn_count": 0
    },
    "1162": {
        "playcount": 0,
        "turn_count": 0
    },
    "1163": {
        "playcount": 0,
        "turn_count": 0
    },
    "1164": {
        "playcount": 0,
        "turn_count": 0
    },
    "1165": {
        "playcount": 0,
        "turn_count": 0
    },
    "1166": {
        "playcount": 0,
        "turn_count": 0
    },
    "1211": {
        "playcount": 0,
        "turn_count": 0
    },
    "1212": {
        "playcount": 0,
        "turn_count": 0
    },
    "1213": {
        "playcount": 0,
        "turn_count": 0
    },
    "1214": {
        "playcount": 0,
        "turn_count": 0
    },
    "1215": {
        "playcount": 0,
        "turn_count": 0
    },
    "1216": {
        "playcount": 0,
        "turn_count": 0
    },
    "1221": {
        "playcount": 0,
        "turn_count": 0
    },
    "1222": {
        "playcount": 0,
        "turn_count": 0
    },
    "1223": {
        "playcount": 0,
        "turn_count": 0
    },
    "1224": {
        "playcount": 0,
        "turn_count": 0
    },
    "1225": {
        "playcount": 0,
        "turn_count": 0
    },
    "1226": {
        "playcount": 0,
        "turn_count": 0
    },
    "1231": {
        "playcount": 0,
        "turn_count": 0
    },
    "1232": {
        "playcount": 0,
        "turn_count": 0
    },
    "1233": {
        "playcount": 0,
        "turn_count": 0
    },
    "1234": {
        "playcount": 0,
        "turn_count": 0
    },
    "1235": {
        "playcount": 0,
        "turn_count": 0
    },
    "1236": {
        "playcount": 0,
        "turn_count": 0
    },
    "1241": {
        "playcount": 0,
        "turn_count": 0
    },
    "1242": {
        "playcount": 0,
        "turn_count": 0
    },
    "1243": {
        "playcount": 0,
        "turn_count": 0
    },
    "1244": {
        "playcount": 0,
        "turn_count": 0
    },
    "1245": {
        "playcount": 0,
        "turn_count": 0
    },
    "1246": {
        "playcount": 0,
        "turn_count": 0
    },
    "1251": {
        "playcount": 0,
        "turn_count": 0
    },
    "1252": {
        "playcount": 0,
        "turn_count": 0
    },
    "1253": {
        "playcount": 0,
        "turn_count": 0
    },
    "1254": {
        "playcount": 0,
        "turn_count": 0
    },
    "1255": {
        "playcount": 0,
        "turn_count": 0
    },
    "1256": {
        "playcount": 0,
        "turn_count": 0
    },
    "1261": {
        "playcount": 0,
        "turn_count": 0
    },
    "1262": {
        "playcount": 0,
        "turn_count": 0
    },
    "1263": {
        "playcount": 0,
        "turn_count": 0
    },
    "1264": {
        "playcount": 0,
        "turn_count": 0
    },
    "1265": {
        "playcount": 0,
        "turn_count": 0
    },
    "1266": {
        "playcount": 0,
        "turn_count": 0
    },
    "1311": {
        "playcount": 0,
        "turn_count": 0
    },
    "1312": {
        "playcount": 0,
        "turn_count": 0
    },
    "1313": {
        "playcount": 0,
        "turn_count": 0
    },
    "1314": {
        "playcount": 0,
        "turn_count": 0
    },
    "1315": {
        "playcount": 0,
        "turn_count": 0
    },
    "1316": {
        "playcount": 0,
        "turn_count": 0
    },
    "1321": {
        "playcount": 0,
        "turn_count": 0
    },
    "1322": {
        "playcount": 0,
        "turn_count": 0
    },
    "1323": {
        "playcount": 0,
        "turn_count": 0
    },
    "1324": {
        "playcount": 0,
        "turn_count": 0
    },
    "1325": {
        "playcount": 0,
        "turn_count": 0
    },
    "1326": {
        "playcount": 0,
        "turn_count": 0
    },
    "1331": {
        "playcount": 0,
        "turn_count": 0
    },
    "1332": {
        "playcount": 0,
        "turn_count": 0
    },
    "1333": {
        "playcount": 0,
        "turn_count": 0
    },
    "1334": {
        "playcount": 0,
        "turn_count": 0
    },
    "1335": {
        "playcount": 0,
        "turn_count": 0
    },
    "1336": {
        "playcount": 0,
        "turn_count": 0
    },
    "1341": {
        "playcount": 0,
        "turn_count": 0
    },
    "1342": {
        "playcount": 0,
        "turn_count": 0
    },
    "1343": {
        "playcount": 0,
        "turn_count": 0
    },
    "1344": {
        "playcount": 0,
        "turn_count": 0
    },
    "1345": {
        "playcount": 0,
        "turn_count": 0
    },
    "1346": {
        "playcount": 0,
        "turn_count": 0
    },
    "1351": {
        "playcount": 0,
        "turn_count": 0
    },
    "1352": {
        "playcount": 0,
        "turn_count": 0
    },
    "1353": {
        "playcount": 0,
        "turn_count": 0
    },
    "1354": {
        "playcount": 0,
        "turn_count": 0
    },
    "1355": {
        "playcount": 0,
        "turn_count": 0
    },
    "1356": {
        "playcount": 0,
        "turn_count": 0
    },
    "1361": {
        "playcount": 0,
        "turn_count": 0
    },
    "1362": {
        "playcount": 0,
        "turn_count": 0
    },
    "1363": {
        "playcount": 0,
        "turn_count": 0
    },
    "1364": {
        "playcount": 0,
        "turn_count": 0
    },
    "1365": {
        "playcount": 0,
        "turn_count": 0
    },
    "1366": {
        "playcount": 0,
        "turn_count": 0
    },
    "1411": {
        "playcount": 0,
        "turn_count": 0
    },
    "1412": {
        "playcount": 0,
        "turn_count": 0
    },
    "1413": {
        "playcount": 0,
        "turn_count": 0
    },
    "1414": {
        "playcount": 0,
        "turn_count": 0
    },
    "1415": {
        "playcount": 0,
        "turn_count": 0
    },
    "1416": {
        "playcount": 0,
        "turn_count": 0
    },
    "1421": {
        "playcount": 0,
        "turn_count": 0
    },
    "1422": {
        "playcount": 0,
        "turn_count": 0
    },
    "1423": {
        "playcount": 0,
        "turn_count": 0
    },
    "1424": {
        "playcount": 0,
        "turn_count": 0
    },
    "1425": {
        "playcount": 0,
        "turn_count": 0
    },
    "1426": {
        "playcount": 0,
        "turn_count": 0
    },
    "1431": {
        "playcount": 0,
        "turn_count": 0
    },
    "1432": {
        "playcount": 0,
        "turn_count": 0
    },
    "1433": {
        "playcount": 0,
        "turn_count": 0
    },
    "1434": {
        "playcount": 0,
        "turn_count": 0
    },
    "1435": {
        "playcount": 0,
        "turn_count": 0
    },
    "1436": {
        "playcount": 0,
        "turn_count": 0
    },
    "1441": {
        "playcount": 0,
        "turn_count": 0
    },
    "1442": {
        "playcount": 0,
        "turn_count": 0
    },
    "1443": {
        "playcount": 0,
        "turn_count": 0
    },
    "1444": {
        "playcount": 0,
        "turn_count": 0
    },
    "1445": {
        "playcount": 0,
        "turn_count": 0
    },
    "1446": {
        "playcount": 0,
        "turn_count": 0
    },
    "1451": {
        "playcount": 0,
        "turn_count": 0
    },
    "1452": {
        "playcount": 0,
        "turn_count": 0
    },
    "1453": {
        "playcount": 0,
        "turn_count": 0
    },
    "1454": {
        "playcount": 0,
        "turn_count": 0
    },
    "1455": {
        "playcount": 0,
        "turn_count": 0
    },
    "1456": {
        "playcount": 0,
        "turn_count": 0
    },
    "1461": {
        "playcount": 0,
        "turn_count": 0
    },
    "1462": {
        "playcount": 0,
        "turn_count": 0
    },
    "1463": {
        "playcount": 0,
        "turn_count": 0
    },
    "1464": {
        "playcount": 0,
        "turn_count": 0
    },
    "1465": {
        "playcount": 0,
        "turn_count": 0
    },
    "1466": {
        "playcount": 0,
        "turn_count": 0
    },
    "1511": {
        "playcount": 0,
        "turn_count": 0
    },
    "1512": {
        "playcount": 0,
        "turn_count": 0
    },
    "1513": {
        "playcount": 0,
        "turn_count": 0
    },
    "1514": {
        "playcount": 0,
        "turn_count": 0
    },
    "1515": {
        "playcount": 0,
        "turn_count": 0
    },
    "1516": {
        "playcount": 0,
        "turn_count": 0
    },
    "1521": {
        "playcount": 0,
        "turn_count": 0
    },
    "1522": {
        "playcount": 0,
        "turn_count": 0
    },
    "1523": {
        "playcount": 0,
        "turn_count": 0
    },
    "1524": {
        "playcount": 0,
        "turn_count": 0
    },
    "1525": {
        "playcount": 0,
        "turn_count": 0
    },
    "1526": {
        "playcount": 0,
        "turn_count": 0
    },
    "1531": {
        "playcount": 0,
        "turn_count": 0
    },
    "1532": {
        "playcount": 0,
        "turn_count": 0
    },
    "1533": {
        "playcount": 0,
        "turn_count": 0
    },
    "1534": {
        "playcount": 0,
        "turn_count": 0
    },
    "1535": {
        "playcount": 0,
        "turn_count": 0
    },
    "1536": {
        "playcount": 0,
        "turn_count": 0
    },
    "1541": {
        "playcount": 0,
        "turn_count": 0
    },
    "1542": {
        "playcount": 0,
        "turn_count": 0
    },
    "1543": {
        "playcount": 0,
        "turn_count": 0
    },
    "1544": {
        "playcount": 0,
        "turn_count": 0
    },
    "1545": {
        "playcount": 0,
        "turn_count": 0
    },
    "1546": {
        "playcount": 0,
        "turn_count": 0
    },
    "1551": {
        "playcount": 0,
        "turn_count": 0
    },
    "1552": {
        "playcount": 0,
        "turn_count": 0
    },
    "1553": {
        "playcount": 0,
        "turn_count": 0
    },
    "1554": {
        "playcount": 0,
        "turn_count": 0
    },
    "1555": {
        "playcount": 0,
        "turn_count": 0
    },
    "1556": {
        "playcount": 0,
        "turn_count": 0
    },
    "1561": {
        "playcount": 0,
        "turn_count": 0
    },
    "1562": {
        "playcount": 0,
        "turn_count": 0
    },
    "1563": {
        "playcount": 0,
        "turn_count": 0
    },
    "1564": {
        "playcount": 0,
        "turn_count": 0
    },
    "1565": {
        "playcount": 0,
        "turn_count": 0
    },
    "1566": {
        "playcount": 0,
        "turn_count": 0
    },
    "1611": {
        "playcount": 0,
        "turn_count": 0
    },
    "1612": {
        "playcount": 0,
        "turn_count": 0
    },
    "1613": {
        "playcount": 0,
        "turn_count": 0
    },
    "1614": {
        "playcount": 0,
        "turn_count": 0
    },
    "1615": {
        "playcount": 0,
        "turn_count": 0
    },
    "1616": {
        "playcount": 0,
        "turn_count": 0
    },
    "1621": {
        "playcount": 0,
        "turn_count": 0
    },
    "1622": {
        "playcount": 0,
        "turn_count": 0
    },
    "1623": {
        "playcount": 0,
        "turn_count": 0
    },
    "1624": {
        "playcount": 0,
        "turn_count": 0
    },
    "1625": {
        "playcount": 0,
        "turn_count": 0
    },
    "1626": {
        "playcount": 0,
        "turn_count": 0
    },
    "1631": {
        "playcount": 0,
        "turn_count": 0
    },
    "1632": {
        "playcount": 0,
        "turn_count": 0
    },
    "1633": {
        "playcount": 0,
        "turn_count": 0
    },
    "1634": {
        "playcount": 0,
        "turn_count": 0
    },
    "1635": {
        "playcount": 0,
        "turn_count": 0
    },
    "1636": {
        "playcount": 0,
        "turn_count": 0
    },
    "1641": {
        "playcount": 0,
        "turn_count": 0
    },
    "1642": {
        "playcount": 0,
        "turn_count": 0
    },
    "1643": {
        "playcount": 0,
        "turn_count": 0
    },
    "1644": {
        "playcount": 0,
        "turn_count": 0
    },
    "1645": {
        "playcount": 0,
        "turn_count": 0
    },
    "1646": {
        "playcount": 0,
        "turn_count": 0
    },
    "1651": {
        "playcount": 0,
        "turn_count": 0
    },
    "1652": {
        "playcount": 0,
        "turn_count": 0
    },
    "1653": {
        "playcount": 0,
        "turn_count": 0
    },
    "1654": {
        "playcount": 0,
        "turn_count": 0
    },
    "1655": {
        "playcount": 0,
        "turn_count": 0
    },
    "1656": {
        "playcount": 0,
        "turn_count": 0
    },
    "1661": {
        "playcount": 0,
        "turn_count": 0
    },
    "1662": {
        "playcount": 0,
        "turn_count": 0
    },
    "1663": {
        "playcount": 0,
        "turn_count": 0
    },
    "1664": {
        "playcount": 0,
        "turn_count": 0
    },
    "1665": {
        "playcount": 0,
        "turn_count": 0
    },
    "1666": {
        "playcount": 0,
        "turn_count": 0
    },
    "2111": {
        "playcount": 0,
        "turn_count": 0
    },
    "2112": {
        "playcount": 0,
        "turn_count": 0
    },
    "2113": {
        "playcount": 0,
        "turn_count": 0
    },
    "2114": {
        "playcount": 0,
        "turn_count": 0
    },
    "2115": {
        "playcount": 0,
        "turn_count": 0
    },
    "2116": {
        "playcount": 0,
        "turn_count": 0
    },
    "2121": {
        "playcount": 0,
        "turn_count": 0
    },
    "2122": {
        "playcount": 0,
        "turn_count": 0
    },
    "2123": {
        "playcount": 0,
        "turn_count": 0
    },
    "2124": {
        "playcount": 0,
        "turn_count": 0
    },
    "2125": {
        "playcount": 0,
        "turn_count": 0
    },
    "2126": {
        "playcount": 0,
        "turn_count": 0
    },
    "2131": {
        "playcount": 0,
        "turn_count": 0
    },
    "2132": {
        "playcount": 0,
        "turn_count": 0
    },
    "2133": {
        "playcount": 0,
        "turn_count": 0
    },
    "2134": {
        "playcount": 0,
        "turn_count": 0
    },
    "2135": {
        "playcount": 0,
        "turn_count": 0
    },
    "2136": {
        "playcount": 0,
        "turn_count": 0
    },
    "2141": {
        "playcount": 0,
        "turn_count": 0
    },
    "2142": {
        "playcount": 0,
        "turn_count": 0
    },
    "2143": {
        "playcount": 0,
        "turn_count": 0
    },
    "2144": {
        "playcount": 0,
        "turn_count": 0
    },
    "2145": {
        "playcount": 0,
        "turn_count": 0
    },
    "2146": {
        "playcount": 0,
        "turn_count": 0
    },
    "2151": {
        "playcount": 0,
        "turn_count": 0
    },
    "2152": {
        "playcount": 0,
        "turn_count": 0
    },
    "2153": {
        "playcount": 0,
        "turn_count": 0
    },
    "2154": {
        "playcount": 0,
        "turn_count": 0
    },
    "2155": {
        "playcount": 0,
        "turn_count": 0
    },
    "2156": {
        "playcount": 0,
        "turn_count": 0
    },
    "2161": {
        "playcount": 0,
        "turn_count": 0
    },
    "2162": {
        "playcount": 0,
        "turn_count": 0
    },
    "2163": {
        "playcount": 0,
        "turn_count": 0
    },
    "2164": {
        "playcount": 0,
        "turn_count": 0
    },
    "2165": {
        "playcount": 0,
        "turn_count": 0
    },
    "2166": {
        "playcount": 0,
        "turn_count": 0
    },
    "2211": {
        "playcount": 0,
        "turn_count": 0
    },
    "2212": {
        "playcount": 0,
        "turn_count": 0
    },
    "2213": {
        "playcount": 0,
        "turn_count": 0
    },
    "2214": {
        "playcount": 0,
        "turn_count": 0
    },
    "2215": {
        "playcount": 0,
        "turn_count": 0
    },
    "2216": {
        "playcount": 0,
        "turn_count": 0
    },
    "2221": {
        "playcount": 0,
        "turn_count": 0
    },
    "2222": {
        "playcount": 0,
        "turn_count": 0
    },
    "2223": {
        "playcount": 0,
        "turn_count": 0
    },
    "2224": {
        "playcount": 0,
        "turn_count": 0
    },
    "2225": {
        "playcount": 0,
        "turn_count": 0
    },
    "2226": {
        "playcount": 0,
        "turn_count": 0
    },
    "2231": {
        "playcount": 0,
        "turn_count": 0
    },
    "2232": {
        "playcount": 0,
        "turn_count": 0
    },
    "2233": {
        "playcount": 0,
        "turn_count": 0
    },
    "2234": {
        "playcount": 0,
        "turn_count": 0
    },
    "2235": {
        "playcount": 0,
        "turn_count": 0
    },
    "2236": {
        "playcount": 0,
        "turn_count": 0
    },
    "2241": {
        "playcount": 0,
        "turn_count": 0
    },
    "2242": {
        "playcount": 0,
        "turn_count": 0
    },
    "2243": {
        "playcount": 0,
        "turn_count": 0
    },
    "2244": {
        "playcount": 0,
        "turn_count": 0
    },
    "2245": {
        "playcount": 0,
        "turn_count": 0
    },
    "2246": {
        "playcount": 0,
        "turn_count": 0
    },
    "2251": {
        "playcount": 0,
        "turn_count": 0
    },
    "2252": {
        "playcount": 0,
        "turn_count": 0
    },
    "2253": {
        "playcount": 0,
        "turn_count": 0
    },
    "2254": {
        "playcount": 0,
        "turn_count": 0
    },
    "2255": {
        "playcount": 0,
        "turn_count": 0
    },
    "2256": {
        "playcount": 0,
        "turn_count": 0
    },
    "2261": {
        "playcount": 0,
        "turn_count": 0
    },
    "2262": {
        "playcount": 0,
        "turn_count": 0
    },
    "2263": {
        "playcount": 0,
        "turn_count": 0
    },
    "2264": {
        "playcount": 0,
        "turn_count": 0
    },
    "2265": {
        "playcount": 0,
        "turn_count": 0
    },
    "2266": {
        "playcount": 0,
        "turn_count": 0
    },
    "2311": {
        "playcount": 0,
        "turn_count": 0
    },
    "2312": {
        "playcount": 0,
        "turn_count": 0
    },
    "2313": {
        "playcount": 0,
        "turn_count": 0
    },
    "2314": {
        "playcount": 0,
        "turn_count": 0
    },
    "2315": {
        "playcount": 0,
        "turn_count": 0
    },
    "2316": {
        "playcount": 0,
        "turn_count": 0
    },
    "2321": {
        "playcount": 0,
        "turn_count": 0
    },
    "2322": {
        "playcount": 0,
        "turn_count": 0
    },
    "2323": {
        "playcount": 0,
        "turn_count": 0
    },
    "2324": {
        "playcount": 0,
        "turn_count": 0
    },
    "2325": {
        "playcount": 0,
        "turn_count": 0
    },
    "2326": {
        "playcount": 0,
        "turn_count": 0
    },
    "2331": {
        "playcount": 0,
        "turn_count": 0
    },
    "2332": {
        "playcount": 0,
        "turn_count": 0
    },
    "2333": {
        "playcount": 0,
        "turn_count": 0
    },
    "2334": {
        "playcount": 0,
        "turn_count": 0
    },
    "2335": {
        "playcount": 0,
        "turn_count": 0
    },
    "2336": {
        "playcount": 0,
        "turn_count": 0
    },
    "2341": {
        "playcount": 0,
        "turn_count": 0
    },
    "2342": {
        "playcount": 0,
        "turn_count": 0
    },
    "2343": {
        "playcount": 0,
        "turn_count": 0
    },
    "2344": {
        "playcount": 0,
        "turn_count": 0
    },
    "2345": {
        "playcount": 0,
        "turn_count": 0
    },
    "2346": {
        "playcount": 0,
        "turn_count": 0
    },
    "2351": {
        "playcount": 0,
        "turn_count": 0
    },
    "2352": {
        "playcount": 0,
        "turn_count": 0
    },
    "2353": {
        "playcount": 0,
        "turn_count": 0
    },
    "2354": {
        "playcount": 0,
        "turn_count": 0
    },
    "2355": {
        "playcount": 0,
        "turn_count": 0
    },
    "2356": {
        "playcount": 0,
        "turn_count": 0
    },
    "2361": {
        "playcount": 0,
        "turn_count": 0
    },
    "2362": {
        "playcount": 0,
        "turn_count": 0
    },
    "2363": {
        "playcount": 0,
        "turn_count": 0
    },
    "2364": {
        "playcount": 0,
        "turn_count": 0
    },
    "2365": {
        "playcount": 0,
        "turn_count": 0
    },
    "2366": {
        "playcount": 0,
        "turn_count": 0
    },
    "2411": {
        "playcount": 0,
        "turn_count": 0
    },
    "2412": {
        "playcount": 0,
        "turn_count": 0
    },
    "2413": {
        "playcount": 0,
        "turn_count": 0
    },
    "2414": {
        "playcount": 0,
        "turn_count": 0
    },
    "2415": {
        "playcount": 0,
        "turn_count": 0
    },
    "2416": {
        "playcount": 0,
        "turn_count": 0
    },
    "2421": {
        "playcount": 0,
        "turn_count": 0
    },
    "2422": {
        "playcount": 0,
        "turn_count": 0
    },
    "2423": {
        "playcount": 0,
        "turn_count": 0
    },
    "2424": {
        "playcount": 0,
        "turn_count": 0
    },
    "2425": {
        "playcount": 0,
        "turn_count": 0
    },
    "2426": {
        "playcount": 0,
        "turn_count": 0
    },
    "2431": {
        "playcount": 0,
        "turn_count": 0
    },
    "2432": {
        "playcount": 0,
        "turn_count": 0
    },
    "2433": {
        "playcount": 0,
        "turn_count": 0
    },
    "2434": {
        "playcount": 0,
        "turn_count": 0
    },
    "2435": {
        "playcount": 0,
        "turn_count": 0
    },
    "2436": {
        "playcount": 0,
        "turn_count": 0
    },
    "2441": {
        "playcount": 0,
        "turn_count": 0
    },
    "2442": {
        "playcount": 0,
        "turn_count": 0
    },
    "2443": {
        "playcount": 0,
        "turn_count": 0
    },
    "2444": {
        "playcount": 0,
        "turn_count": 0
    },
    "2445": {
        "playcount": 0,
        "turn_count": 0
    },
    "2446": {
        "playcount": 0,
        "turn_count": 0
    },
    "2451": {
        "playcount": 0,
        "turn_count": 0
    },
    "2452": {
        "playcount": 0,
        "turn_count": 0
    },
    "2453": {
        "playcount": 0,
        "turn_count": 0
    },
    "2454": {
        "playcount": 0,
        "turn_count": 0
    },
    "2455": {
        "playcount": 0,
        "turn_count": 0
    },
    "2456": {
        "playcount": 0,
        "turn_count": 0
    },
    "2461": {
        "playcount": 0,
        "turn_count": 0
    },
    "2462": {
        "playcount": 0,
        "turn_count": 0
    },
    "2463": {
        "playcount": 0,
        "turn_count": 0
    },
    "2464": {
        "playcount": 0,
        "turn_count": 0
    },
    "2465": {
        "playcount": 0,
        "turn_count": 0
    },
    "2466": {
        "playcount": 0,
        "turn_count": 0
    },
    "2511": {
        "playcount": 0,
        "turn_count": 0
    },
    "2512": {
        "playcount": 0,
        "turn_count": 0
    },
    "2513": {
        "playcount": 0,
        "turn_count": 0
    },
    "2514": {
        "playcount": 0,
        "turn_count": 0
    },
    "2515": {
        "playcount": 0,
        "turn_count": 0
    },
    "2516": {
        "playcount": 0,
        "turn_count": 0
    },
    "2521": {
        "playcount": 0,
        "turn_count": 0
    },
    "2522": {
        "playcount": 0,
        "turn_count": 0
    },
    "2523": {
        "playcount": 0,
        "turn_count": 0
    },
    "2524": {
        "playcount": 0,
        "turn_count": 0
    },
    "2525": {
        "playcount": 0,
        "turn_count": 0
    },
    "2526": {
        "playcount": 0,
        "turn_count": 0
    },
    "2531": {
        "playcount": 0,
        "turn_count": 0
    },
    "2532": {
        "playcount": 0,
        "turn_count": 0
    },
    "2533": {
        "playcount": 0,
        "turn_count": 0
    },
    "2534": {
        "playcount": 0,
        "turn_count": 0
    },
    "2535": {
        "playcount": 0,
        "turn_count": 0
    },
    "2536": {
        "playcount": 0,
        "turn_count": 0
    },
    "2541": {
        "playcount": 0,
        "turn_count": 0
    },
    "2542": {
        "playcount": 0,
        "turn_count": 0
    },
    "2543": {
        "playcount": 0,
        "turn_count": 0
    },
    "2544": {
        "playcount": 0,
        "turn_count": 0
    },
    "2545": {
        "playcount": 0,
        "turn_count": 0
    },
    "2546": {
        "playcount": 0,
        "turn_count": 0
    },
    "2551": {
        "playcount": 0,
        "turn_count": 0
    },
    "2552": {
        "playcount": 0,
        "turn_count": 0
    },
    "2553": {
        "playcount": 0,
        "turn_count": 0
    },
    "2554": {
        "playcount": 0,
        "turn_count": 0
    },
    "2555": {
        "playcount": 0,
        "turn_count": 0
    },
    "2556": {
        "playcount": 0,
        "turn_count": 0
    },
    "2561": {
        "playcount": 0,
        "turn_count": 0
    },
    "2562": {
        "playcount": 0,
        "turn_count": 0
    },
    "2563": {
        "playcount": 0,
        "turn_count": 0
    },
    "2564": {
        "playcount": 0,
        "turn_count": 0
    },
    "2565": {
        "playcount": 0,
        "turn_count": 0
    },
    "2566": {
        "playcount": 0,
        "turn_count": 0
    },
    "2611": {
        "playcount": 0,
        "turn_count": 0
    },
    "2612": {
        "playcount": 0,
        "turn_count": 0
    },
    "2613": {
        "playcount": 0,
        "turn_count": 0
    },
    "2614": {
        "playcount": 0,
        "turn_count": 0
    },
    "2615": {
        "playcount": 0,
        "turn_count": 0
    },
    "2616": {
        "playcount": 0,
        "turn_count": 0
    },
    "2621": {
        "playcount": 0,
        "turn_count": 0
    },
    "2622": {
        "playcount": 0,
        "turn_count": 0
    },
    "2623": {
        "playcount": 0,
        "turn_count": 0
    },
    "2624": {
        "playcount": 0,
        "turn_count": 0
    },
    "2625": {
        "playcount": 0,
        "turn_count": 0
    },
    "2626": {
        "playcount": 0,
        "turn_count": 0
    },
    "2631": {
        "playcount": 0,
        "turn_count": 0
    },
    "2632": {
        "playcount": 0,
        "turn_count": 0
    },
    "2633": {
        "playcount": 0,
        "turn_count": 0
    },
    "2634": {
        "playcount": 0,
        "turn_count": 0
    },
    "2635": {
        "playcount": 0,
        "turn_count": 0
    },
    "2636": {
        "playcount": 0,
        "turn_count": 0
    },
    "2641": {
        "playcount": 0,
        "turn_count": 0
    },
    "2642": {
        "playcount": 0,
        "turn_count": 0
    },
    "2643": {
        "playcount": 0,
        "turn_count": 0
    },
    "2644": {
        "playcount": 0,
        "turn_count": 0
    },
    "2645": {
        "playcount": 0,
        "turn_count": 0
    },
    "2646": {
        "playcount": 0,
        "turn_count": 0
    },
    "2651": {
        "playcount": 0,
        "turn_count": 0
    },
    "2652": {
        "playcount": 0,
        "turn_count": 0
    },
    "2653": {
        "playcount": 0,
        "turn_count": 0
    },
    "2654": {
        "playcount": 0,
        "turn_count": 0
    },
    "2655": {
        "playcount": 0,
        "turn_count": 0
    },
    "2656": {
        "playcount": 0,
        "turn_count": 0
    },
    "2661": {
        "playcount": 0,
        "turn_count": 0
    },
    "2662": {
        "playcount": 0,
        "turn_count": 0
    },
    "2663": {
        "playcount": 0,
        "turn_count": 0
    },
    "2664": {
        "playcount": 0,
        "turn_count": 0
    },
    "2665": {
        "playcount": 0,
        "turn_count": 0
    },
    "2666": {
        "playcount": 0,
        "turn_count": 0
    },
    "3111": {
        "playcount": 0,
        "turn_count": 0
    },
    "3112": {
        "playcount": 0,
        "turn_count": 0
    },
    "3113": {
        "playcount": 0,
        "turn_count": 0
    },
    "3114": {
        "playcount": 0,
        "turn_count": 0
    },
    "3115": {
        "playcount": 0,
        "turn_count": 0
    },
    "3116": {
        "playcount": 0,
        "turn_count": 0
    },
    "3121": {
        "playcount": 0,
        "turn_count": 0
    },
    "3122": {
        "playcount": 0,
        "turn_count": 0
    },
    "3123": {
        "playcount": 0,
        "turn_count": 0
    },
    "3124": {
        "playcount": 0,
        "turn_count": 0
    },
    "3125": {
        "playcount": 0,
        "turn_count": 0
    },
    "3126": {
        "playcount": 0,
        "turn_count": 0
    },
    "3131": {
        "playcount": 0,
        "turn_count": 0
    },
    "3132": {
        "playcount": 0,
        "turn_count": 0
    },
    "3133": {
        "playcount": 0,
        "turn_count": 0
    },
    "3134": {
        "playcount": 0,
        "turn_count": 0
    },
    "3135": {
        "playcount": 0,
        "turn_count": 0
    },
    "3136": {
        "playcount": 0,
        "turn_count": 0
    },
    "3141": {
        "playcount": 0,
        "turn_count": 0
    },
    "3142": {
        "playcount": 0,
        "turn_count": 0
    },
    "3143": {
        "playcount": 0,
        "turn_count": 0
    },
    "3144": {
        "playcount": 0,
        "turn_count": 0
    },
    "3145": {
        "playcount": 0,
        "turn_count": 0
    },
    "3146": {
        "playcount": 0,
        "turn_count": 0
    },
    "3151": {
        "playcount": 0,
        "turn_count": 0
    },
    "3152": {
        "playcount": 0,
        "turn_count": 0
    },
    "3153": {
        "playcount": 0,
        "turn_count": 0
    },
    "3154": {
        "playcount": 0,
        "turn_count": 0
    },
    "3155": {
        "playcount": 0,
        "turn_count": 0
    },
    "3156": {
        "playcount": 0,
        "turn_count": 0
    },
    "3161": {
        "playcount": 0,
        "turn_count": 0
    },
    "3162": {
        "playcount": 0,
        "turn_count": 0
    },
    "3163": {
        "playcount": 0,
        "turn_count": 0
    },
    "3164": {
        "playcount": 0,
        "turn_count": 0
    },
    "3165": {
        "playcount": 0,
        "turn_count": 0
    },
    "3166": {
        "playcount": 0,
        "turn_count": 0
    },
    "3211": {
        "playcount": 0,
        "turn_count": 0
    },
    "3212": {
        "playcount": 0,
        "turn_count": 0
    },
    "3213": {
        "playcount": 0,
        "turn_count": 0
    },
    "3214": {
        "playcount": 0,
        "turn_count": 0
    },
    "3215": {
        "playcount": 0,
        "turn_count": 0
    },
    "3216": {
        "playcount": 0,
        "turn_count": 0
    },
    "3221": {
        "playcount": 0,
        "turn_count": 0
    },
    "3222": {
        "playcount": 0,
        "turn_count": 0
    },
    "3223": {
        "playcount": 0,
        "turn_count": 0
    },
    "3224": {
        "playcount": 0,
        "turn_count": 0
    },
    "3225": {
        "playcount": 0,
        "turn_count": 0
    },
    "3226": {
        "playcount": 0,
        "turn_count": 0
    },
    "3231": {
        "playcount": 0,
        "turn_count": 0
    },
    "3232": {
        "playcount": 0,
        "turn_count": 0
    },
    "3233": {
        "playcount": 0,
        "turn_count": 0
    },
    "3234": {
        "playcount": 0,
        "turn_count": 0
    },
    "3235": {
        "playcount": 0,
        "turn_count": 0
    },
    "3236": {
        "playcount": 0,
        "turn_count": 0
    },
    "3241": {
        "playcount": 0,
        "turn_count": 0
    },
    "3242": {
        "playcount": 0,
        "turn_count": 0
    },
    "3243": {
        "playcount": 0,
        "turn_count": 0
    },
    "3244": {
        "playcount": 0,
        "turn_count": 0
    },
    "3245": {
        "playcount": 0,
        "turn_count": 0
    },
    "3246": {
        "playcount": 0,
        "turn_count": 0
    },
    "3251": {
        "playcount": 0,
        "turn_count": 0
    },
    "3252": {
        "playcount": 0,
        "turn_count": 0
    },
    "3253": {
        "playcount": 0,
        "turn_count": 0
    },
    "3254": {
        "playcount": 0,
        "turn_count": 0
    },
    "3255": {
        "playcount": 0,
        "turn_count": 0
    },
    "3256": {
        "playcount": 0,
        "turn_count": 0
    },
    "3261": {
        "playcount": 0,
        "turn_count": 0
    },
    "3262": {
        "playcount": 0,
        "turn_count": 0
    },
    "3263": {
        "playcount": 0,
        "turn_count": 0
    },
    "3264": {
        "playcount": 0,
        "turn_count": 0
    },
    "3265": {
        "playcount": 0,
        "turn_count": 0
    },
    "3266": {
        "playcount": 0,
        "turn_count": 0
    },
    "3311": {
        "playcount": 0,
        "turn_count": 0
    },
    "3312": {
        "playcount": 0,
        "turn_count": 0
    },
    "3313": {
        "playcount": 0,
        "turn_count": 0
    },
    "3314": {
        "playcount": 0,
        "turn_count": 0
    },
    "3315": {
        "playcount": 0,
        "turn_count": 0
    },
    "3316": {
        "playcount": 0,
        "turn_count": 0
    },
    "3321": {
        "playcount": 0,
        "turn_count": 0
    },
    "3322": {
        "playcount": 0,
        "turn_count": 0
    },
    "3323": {
        "playcount": 0,
        "turn_count": 0
    },
    "3324": {
        "playcount": 0,
        "turn_count": 0
    },
    "3325": {
        "playcount": 0,
        "turn_count": 0
    },
    "3326": {
        "playcount": 0,
        "turn_count": 0
    },
    "3331": {
        "playcount": 0,
        "turn_count": 0
    },
    "3332": {
        "playcount": 0,
        "turn_count": 0
    },
    "3333": {
        "playcount": 0,
        "turn_count": 0
    },
    "3334": {
        "playcount": 0,
        "turn_count": 0
    },
    "3335": {
        "playcount": 0,
        "turn_count": 0
    },
    "3336": {
        "playcount": 0,
        "turn_count": 0
    },
    "3341": {
        "playcount": 0,
        "turn_count": 0
    },
    "3342": {
        "playcount": 0,
        "turn_count": 0
    },
    "3343": {
        "playcount": 0,
        "turn_count": 0
    },
    "3344": {
        "playcount": 0,
        "turn_count": 0
    },
    "3345": {
        "playcount": 0,
        "turn_count": 0
    },
    "3346": {
        "playcount": 0,
        "turn_count": 0
    },
    "3351": {
        "playcount": 0,
        "turn_count": 0
    },
    "3352": {
        "playcount": 0,
        "turn_count": 0
    },
    "3353": {
        "playcount": 0,
        "turn_count": 0
    },
    "3354": {
        "playcount": 0,
        "turn_count": 0
    },
    "3355": {
        "playcount": 0,
        "turn_count": 0
    },
    "3356": {
        "playcount": 0,
        "turn_count": 0
    },
    "3361": {
        "playcount": 0,
        "turn_count": 0
    },
    "3362": {
        "playcount": 0,
        "turn_count": 0
    },
    "3363": {
        "playcount": 0,
        "turn_count": 0
    },
    "3364": {
        "playcount": 0,
        "turn_count": 0
    },
    "3365": {
        "playcount": 0,
        "turn_count": 0
    },
    "3366": {
        "playcount": 0,
        "turn_count": 0
    },
    "3411": {
        "playcount": 0,
        "turn_count": 0
    },
    "3412": {
        "playcount": 0,
        "turn_count": 0
    },
    "3413": {
        "playcount": 0,
        "turn_count": 0
    },
    "3414": {
        "playcount": 0,
        "turn_count": 0
    },
    "3415": {
        "playcount": 0,
        "turn_count": 0
    },
    "3416": {
        "playcount": 0,
        "turn_count": 0
    },
    "3421": {
        "playcount": 0,
        "turn_count": 0
    },
    "3422": {
        "playcount": 0,
        "turn_count": 0
    },
    "3423": {
        "playcount": 0,
        "turn_count": 0
    },
    "3424": {
        "playcount": 0,
        "turn_count": 0
    },
    "3425": {
        "playcount": 0,
        "turn_count": 0
    },
    "3426": {
        "playcount": 0,
        "turn_count": 0
    },
    "3431": {
        "playcount": 0,
        "turn_count": 0
    },
    "3432": {
        "playcount": 0,
        "turn_count": 0
    },
    "3433": {
        "playcount": 0,
        "turn_count": 0
    },
    "3434": {
        "playcount": 0,
        "turn_count": 0
    },
    "3435": {
        "playcount": 0,
        "turn_count": 0
    },
    "3436": {
        "playcount": 0,
        "turn_count": 0
    },
    "3441": {
        "playcount": 0,
        "turn_count": 0
    },
    "3442": {
        "playcount": 0,
        "turn_count": 0
    },
    "3443": {
        "playcount": 0,
        "turn_count": 0
    },
    "3444": {
        "playcount": 0,
        "turn_count": 0
    },
    "3445": {
        "playcount": 0,
        "turn_count": 0
    },
    "3446": {
        "playcount": 0,
        "turn_count": 0
    },
    "3451": {
        "playcount": 0,
        "turn_count": 0
    },
    "3452": {
        "playcount": 0,
        "turn_count": 0
    },
    "3453": {
        "playcount": 0,
        "turn_count": 0
    },
    "3454": {
        "playcount": 0,
        "turn_count": 0
    },
    "3455": {
        "playcount": 0,
        "turn_count": 0
    },
    "3456": {
        "playcount": 0,
        "turn_count": 0
    },
    "3461": {
        "playcount": 0,
        "turn_count": 0
    },
    "3462": {
        "playcount": 0,
        "turn_count": 0
    },
    "3463": {
        "playcount": 0,
        "turn_count": 0
    },
    "3464": {
        "playcount": 0,
        "turn_count": 0
    },
    "3465": {
        "playcount": 0,
        "turn_count": 0
    },
    "3466": {
        "playcount": 0,
        "turn_count": 0
    },
    "3511": {
        "playcount": 0,
        "turn_count": 0
    },
    "3512": {
        "playcount": 0,
        "turn_count": 0
    },
    "3513": {
        "playcount": 0,
        "turn_count": 0
    },
    "3514": {
        "playcount": 0,
        "turn_count": 0
    },
    "3515": {
        "playcount": 0,
        "turn_count": 0
    },
    "3516": {
        "playcount": 0,
        "turn_count": 0
    },
    "3521": {
        "playcount": 0,
        "turn_count": 0
    },
    "3522": {
        "playcount": 0,
        "turn_count": 0
    },
    "3523": {
        "playcount": 0,
        "turn_count": 0
    },
    "3524": {
        "playcount": 0,
        "turn_count": 0
    },
    "3525": {
        "playcount": 0,
        "turn_count": 0
    },
    "3526": {
        "playcount": 0,
        "turn_count": 0
    },
    "3531": {
        "playcount": 0,
        "turn_count": 0
    },
    "3532": {
        "playcount": 0,
        "turn_count": 0
    },
    "3533": {
        "playcount": 0,
        "turn_count": 0
    },
    "3534": {
        "playcount": 0,
        "turn_count": 0
    },
    "3535": {
        "playcount": 0,
        "turn_count": 0
    },
    "3536": {
        "playcount": 0,
        "turn_count": 0
    },
    "3541": {
        "playcount": 0,
        "turn_count": 0
    },
    "3542": {
        "playcount": 0,
        "turn_count": 0
    },
    "3543": {
        "playcount": 0,
        "turn_count": 0
    },
    "3544": {
        "playcount": 0,
        "turn_count": 0
    },
    "3545": {
        "playcount": 0,
        "turn_count": 0
    },
    "3546": {
        "playcount": 0,
        "turn_count": 0
    },
    "3551": {
        "playcount": 0,
        "turn_count": 0
    },
    "3552": {
        "playcount": 0,
        "turn_count": 0
    },
    "3553": {
        "playcount": 0,
        "turn_count": 0
    },
    "3554": {
        "playcount": 0,
        "turn_count": 0
    },
    "3555": {
        "playcount": 0,
        "turn_count": 0
    },
    "3556": {
        "playcount": 0,
        "turn_count": 0
    },
    "3561": {
        "playcount": 0,
        "turn_count": 0
    },
    "3562": {
        "playcount": 0,
        "turn_count": 0
    },
    "3563": {
        "playcount": 0,
        "turn_count": 0
    },
    "3564": {
        "playcount": 0,
        "turn_count": 0
    },
    "3565": {
        "playcount": 0,
        "turn_count": 0
    },
    "3566": {
        "playcount": 0,
        "turn_count": 0
    },
    "3611": {
        "playcount": 0,
        "turn_count": 0
    },
    "3612": {
        "playcount": 0,
        "turn_count": 0
    },
    "3613": {
        "playcount": 0,
        "turn_count": 0
    },
    "3614": {
        "playcount": 0,
        "turn_count": 0
    },
    "3615": {
        "playcount": 0,
        "turn_count": 0
    },
    "3616": {
        "playcount": 0,
        "turn_count": 0
    },
    "3621": {
        "playcount": 0,
        "turn_count": 0
    },
    "3622": {
        "playcount": 0,
        "turn_count": 0
    },
    "3623": {
        "playcount": 0,
        "turn_count": 0
    },
    "3624": {
        "playcount": 0,
        "turn_count": 0
    },
    "3625": {
        "playcount": 0,
        "turn_count": 0
    },
    "3626": {
        "playcount": 0,
        "turn_count": 0
    },
    "3631": {
        "playcount": 0,
        "turn_count": 0
    },
    "3632": {
        "playcount": 0,
        "turn_count": 0
    },
    "3633": {
        "playcount": 0,
        "turn_count": 0
    },
    "3634": {
        "playcount": 0,
        "turn_count": 0
    },
    "3635": {
        "playcount": 0,
        "turn_count": 0
    },
    "3636": {
        "playcount": 0,
        "turn_count": 0
    },
    "3641": {
        "playcount": 0,
        "turn_count": 0
    },
    "3642": {
        "playcount": 0,
        "turn_count": 0
    },
    "3643": {
        "playcount": 0,
        "turn_count": 0
    },
    "3644": {
        "playcount": 0,
        "turn_count": 0
    },
    "3645": {
        "playcount": 0,
        "turn_count": 0
    },
    "3646": {
        "playcount": 0,
        "turn_count": 0
    },
    "3651": {
        "playcount": 0,
        "turn_count": 0
    },
    "3652": {
        "playcount": 0,
        "turn_count": 0
    },
    "3653": {
        "playcount": 0,
        "turn_count": 0
    },
    "3654": {
        "playcount": 0,
        "turn_count": 0
    },
    "3655": {
        "playcount": 0,
        "turn_count": 0
    },
    "3656": {
        "playcount": 0,
        "turn_count": 0
    },
    "3661": {
        "playcount": 0,
        "turn_count": 0
    },
    "3662": {
        "playcount": 0,
        "turn_count": 0
    },
    "3663": {
        "playcount": 0,
        "turn_count": 0
    },
    "3664": {
        "playcount": 0,
        "turn_count": 0
    },
    "3665": {
        "playcount": 0,
        "turn_count": 0
    },
    "3666": {
        "playcount": 0,
        "turn_count": 0
    },
    "4111": {
        "playcount": 0,
        "turn_count": 0
    },
    "4112": {
        "playcount": 0,
        "turn_count": 0
    },
    "4113": {
        "playcount": 0,
        "turn_count": 0
    },
    "4114": {
        "playcount": 0,
        "turn_count": 0
    },
    "4115": {
        "playcount": 0,
        "turn_count": 0
    },
    "4116": {
        "playcount": 0,
        "turn_count": 0
    },
    "4121": {
        "playcount": 0,
        "turn_count": 0
    },
    "4122": {
        "playcount": 0,
        "turn_count": 0
    },
    "4123": {
        "playcount": 0,
        "turn_count": 0
    },
    "4124": {
        "playcount": 0,
        "turn_count": 0
    },
    "4125": {
        "playcount": 0,
        "turn_count": 0
    },
    "4126": {
        "playcount": 0,
        "turn_count": 0
    },
    "4131": {
        "playcount": 0,
        "turn_count": 0
    },
    "4132": {
        "playcount": 0,
        "turn_count": 0
    },
    "4133": {
        "playcount": 0,
        "turn_count": 0
    },
    "4134": {
        "playcount": 0,
        "turn_count": 0
    },
    "4135": {
        "playcount": 0,
        "turn_count": 0
    },
    "4136": {
        "playcount": 0,
        "turn_count": 0
    },
    "4141": {
        "playcount": 0,
        "turn_count": 0
    },
    "4142": {
        "playcount": 0,
        "turn_count": 0
    },
    "4143": {
        "playcount": 0,
        "turn_count": 0
    },
    "4144": {
        "playcount": 0,
        "turn_count": 0
    },
    "4145": {
        "playcount": 0,
        "turn_count": 0
    },
    "4146": {
        "playcount": 0,
        "turn_count": 0
    },
    "4151": {
        "playcount": 0,
        "turn_count": 0
    },
    "4152": {
        "playcount": 0,
        "turn_count": 0
    },
    "4153": {
        "playcount": 0,
        "turn_count": 0
    },
    "4154": {
        "playcount": 0,
        "turn_count": 0
    },
    "4155": {
        "playcount": 0,
        "turn_count": 0
    },
    "4156": {
        "playcount": 0,
        "turn_count": 0
    },
    "4161": {
        "playcount": 0,
        "turn_count": 0
    },
    "4162": {
        "playcount": 0,
        "turn_count": 0
    },
    "4163": {
        "playcount": 0,
        "turn_count": 0
    },
    "4164": {
        "playcount": 0,
        "turn_count": 0
    },
    "4165": {
        "playcount": 0,
        "turn_count": 0
    },
    "4166": {
        "playcount": 0,
        "turn_count": 0
    },
    "4211": {
        "playcount": 0,
        "turn_count": 0
    },
    "4212": {
        "playcount": 0,
        "turn_count": 0
    },
    "4213": {
        "playcount": 0,
        "turn_count": 0
    },
    "4214": {
        "playcount": 0,
        "turn_count": 0
    },
    "4215": {
        "playcount": 0,
        "turn_count": 0
    },
    "4216": {
        "playcount": 0,
        "turn_count": 0
    },
    "4221": {
        "playcount": 0,
        "turn_count": 0
    },
    "4222": {
        "playcount": 0,
        "turn_count": 0
    },
    "4223": {
        "playcount": 0,
        "turn_count": 0
    },
    "4224": {
        "playcount": 0,
        "turn_count": 0
    },
    "4225": {
        "playcount": 0,
        "turn_count": 0
    },
    "4226": {
        "playcount": 0,
        "turn_count": 0
    },
    "4231": {
        "playcount": 0,
        "turn_count": 0
    },
    "4232": {
        "playcount": 0,
        "turn_count": 0
    },
    "4233": {
        "playcount": 0,
        "turn_count": 0
    },
    "4234": {
        "playcount": 0,
        "turn_count": 0
    },
    "4235": {
        "playcount": 0,
        "turn_count": 0
    },
    "4236": {
        "playcount": 0,
        "turn_count": 0
    },
    "4241": {
        "playcount": 0,
        "turn_count": 0
    },
    "4242": {
        "playcount": 0,
        "turn_count": 0
    },
    "4243": {
        "playcount": 0,
        "turn_count": 0
    },
    "4244": {
        "playcount": 0,
        "turn_count": 0
    },
    "4245": {
        "playcount": 0,
        "turn_count": 0
    },
    "4246": {
        "playcount": 0,
        "turn_count": 0
    },
    "4251": {
        "playcount": 0,
        "turn_count": 0
    },
    "4252": {
        "playcount": 0,
        "turn_count": 0
    },
    "4253": {
        "playcount": 0,
        "turn_count": 0
    },
    "4254": {
        "playcount": 0,
        "turn_count": 0
    },
    "4255": {
        "playcount": 0,
        "turn_count": 0
    },
    "4256": {
        "playcount": 0,
        "turn_count": 0
    },
    "4261": {
        "playcount": 0,
        "turn_count": 0
    },
    "4262": {
        "playcount": 0,
        "turn_count": 0
    },
    "4263": {
        "playcount": 0,
        "turn_count": 0
    },
    "4264": {
        "playcount": 0,
        "turn_count": 0
    },
    "4265": {
        "playcount": 0,
        "turn_count": 0
    },
    "4266": {
        "playcount": 0,
        "turn_count": 0
    },
    "4311": {
        "playcount": 0,
        "turn_count": 0
    },
    "4312": {
        "playcount": 0,
        "turn_count": 0
    },
    "4313": {
        "playcount": 0,
        "turn_count": 0
    },
    "4314": {
        "playcount": 0,
        "turn_count": 0
    },
    "4315": {
        "playcount": 0,
        "turn_count": 0
    },
    "4316": {
        "playcount": 0,
        "turn_count": 0
    },
    "4321": {
        "playcount": 0,
        "turn_count": 0
    },
    "4322": {
        "playcount": 0,
        "turn_count": 0
    },
    "4323": {
        "playcount": 0,
        "turn_count": 0
    },
    "4324": {
        "playcount": 0,
        "turn_count": 0
    },
    "4325": {
        "playcount": 0,
        "turn_count": 0
    },
    "4326": {
        "playcount": 0,
        "turn_count": 0
    },
    "4331": {
        "playcount": 0,
        "turn_count": 0
    },
    "4332": {
        "playcount": 0,
        "turn_count": 0
    },
    "4333": {
        "playcount": 0,
        "turn_count": 0
    },
    "4334": {
        "playcount": 0,
        "turn_count": 0
    },
    "4335": {
        "playcount": 0,
        "turn_count": 0
    },
    "4336": {
        "playcount": 0,
        "turn_count": 0
    },
    "4341": {
        "playcount": 0,
        "turn_count": 0
    },
    "4342": {
        "playcount": 0,
        "turn_count": 0
    },
    "4343": {
        "playcount": 0,
        "turn_count": 0
    },
    "4344": {
        "playcount": 0,
        "turn_count": 0
    },
    "4345": {
        "playcount": 0,
        "turn_count": 0
    },
    "4346": {
        "playcount": 0,
        "turn_count": 0
    },
    "4351": {
        "playcount": 0,
        "turn_count": 0
    },
    "4352": {
        "playcount": 0,
        "turn_count": 0
    },
    "4353": {
        "playcount": 0,
        "turn_count": 0
    },
    "4354": {
        "playcount": 0,
        "turn_count": 0
    },
    "4355": {
        "playcount": 0,
        "turn_count": 0
    },
    "4356": {
        "playcount": 0,
        "turn_count": 0
    },
    "4361": {
        "playcount": 0,
        "turn_count": 0
    },
    "4362": {
        "playcount": 0,
        "turn_count": 0
    },
    "4363": {
        "playcount": 0,
        "turn_count": 0
    },
    "4364": {
        "playcount": 0,
        "turn_count": 0
    },
    "4365": {
        "playcount": 0,
        "turn_count": 0
    },
    "4366": {
        "playcount": 0,
        "turn_count": 0
    },
    "4411": {
        "playcount": 0,
        "turn_count": 0
    },
    "4412": {
        "playcount": 0,
        "turn_count": 0
    },
    "4413": {
        "playcount": 0,
        "turn_count": 0
    },
    "4414": {
        "playcount": 0,
        "turn_count": 0
    },
    "4415": {
        "playcount": 0,
        "turn_count": 0
    },
    "4416": {
        "playcount": 0,
        "turn_count": 0
    },
    "4421": {
        "playcount": 0,
        "turn_count": 0
    },
    "4422": {
        "playcount": 0,
        "turn_count": 0
    },
    "4423": {
        "playcount": 0,
        "turn_count": 0
    },
    "4424": {
        "playcount": 0,
        "turn_count": 0
    },
    "4425": {
        "playcount": 0,
        "turn_count": 0
    },
    "4426": {
        "playcount": 0,
        "turn_count": 0
    },
    "4431": {
        "playcount": 0,
        "turn_count": 0
    },
    "4432": {
        "playcount": 0,
        "turn_count": 0
    },
    "4433": {
        "playcount": 0,
        "turn_count": 0
    },
    "4434": {
        "playcount": 0,
        "turn_count": 0
    },
    "4435": {
        "playcount": 0,
        "turn_count": 0
    },
    "4436": {
        "playcount": 0,
        "turn_count": 0
    },
    "4441": {
        "playcount": 0,
        "turn_count": 0
    },
    "4442": {
        "playcount": 0,
        "turn_count": 0
    },
    "4443": {
        "playcount": 0,
        "turn_count": 0
    },
    "4444": {
        "playcount": 0,
        "turn_count": 0
    },
    "4445": {
        "playcount": 0,
        "turn_count": 0
    },
    "4446": {
        "playcount": 0,
        "turn_count": 0
    },
    "4451": {
        "playcount": 0,
        "turn_count": 0
    },
    "4452": {
        "playcount": 0,
        "turn_count": 0
    },
    "4453": {
        "playcount": 0,
        "turn_count": 0
    },
    "4454": {
        "playcount": 0,
        "turn_count": 0
    },
    "4455": {
        "playcount": 0,
        "turn_count": 0
    },
    "4456": {
        "playcount": 0,
        "turn_count": 0
    },
    "4461": {
        "playcount": 0,
        "turn_count": 0
    },
    "4462": {
        "playcount": 0,
        "turn_count": 0
    },
    "4463": {
        "playcount": 0,
        "turn_count": 0
    },
    "4464": {
        "playcount": 0,
        "turn_count": 0
    },
    "4465": {
        "playcount": 0,
        "turn_count": 0
    },
    "4466": {
        "playcount": 0,
        "turn_count": 0
    },
    "4511": {
        "playcount": 0,
        "turn_count": 0
    },
    "4512": {
        "playcount": 0,
        "turn_count": 0
    },
    "4513": {
        "playcount": 0,
        "turn_count": 0
    },
    "4514": {
        "playcount": 0,
        "turn_count": 0
    },
    "4515": {
        "playcount": 0,
        "turn_count": 0
    },
    "4516": {
        "playcount": 0,
        "turn_count": 0
    },
    "4521": {
        "playcount": 0,
        "turn_count": 0
    },
    "4522": {
        "playcount": 0,
        "turn_count": 0
    },
    "4523": {
        "playcount": 0,
        "turn_count": 0
    },
    "4524": {
        "playcount": 0,
        "turn_count": 0
    },
    "4525": {
        "playcount": 0,
        "turn_count": 0
    },
    "4526": {
        "playcount": 0,
        "turn_count": 0
    },
    "4531": {
        "playcount": 0,
        "turn_count": 0
    },
    "4532": {
        "playcount": 0,
        "turn_count": 0
    },
    "4533": {
        "playcount": 0,
        "turn_count": 0
    },
    "4534": {
        "playcount": 0,
        "turn_count": 0
    },
    "4535": {
        "playcount": 0,
        "turn_count": 0
    },
    "4536": {
        "playcount": 0,
        "turn_count": 0
    },
    "4541": {
        "playcount": 0,
        "turn_count": 0
    },
    "4542": {
        "playcount": 0,
        "turn_count": 0
    },
    "4543": {
        "playcount": 0,
        "turn_count": 0
    },
    "4544": {
        "playcount": 0,
        "turn_count": 0
    },
    "4545": {
        "playcount": 0,
        "turn_count": 0
    },
    "4546": {
        "playcount": 0,
        "turn_count": 0
    },
    "4551": {
        "playcount": 0,
        "turn_count": 0
    },
    "4552": {
        "playcount": 0,
        "turn_count": 0
    },
    "4553": {
        "playcount": 0,
        "turn_count": 0
    },
    "4554": {
        "playcount": 0,
        "turn_count": 0
    },
    "4555": {
        "playcount": 0,
        "turn_count": 0
    },
    "4556": {
        "playcount": 0,
        "turn_count": 0
    },
    "4561": {
        "playcount": 0,
        "turn_count": 0
    },
    "4562": {
        "playcount": 0,
        "turn_count": 0
    },
    "4563": {
        "playcount": 0,
        "turn_count": 0
    },
    "4564": {
        "playcount": 0,
        "turn_count": 0
    },
    "4565": {
        "playcount": 0,
        "turn_count": 0
    },
    "4566": {
        "playcount": 0,
        "turn_count": 0
    },
    "4611": {
        "playcount": 0,
        "turn_count": 0
    },
    "4612": {
        "playcount": 0,
        "turn_count": 0
    },
    "4613": {
        "playcount": 0,
        "turn_count": 0
    },
    "4614": {
        "playcount": 0,
        "turn_count": 0
    },
    "4615": {
        "playcount": 0,
        "turn_count": 0
    },
    "4616": {
        "playcount": 0,
        "turn_count": 0
    },
    "4621": {
        "playcount": 0,
        "turn_count": 0
    },
    "4622": {
        "playcount": 0,
        "turn_count": 0
    },
    "4623": {
        "playcount": 0,
        "turn_count": 0
    },
    "4624": {
        "playcount": 0,
        "turn_count": 0
    },
    "4625": {
        "playcount": 0,
        "turn_count": 0
    },
    "4626": {
        "playcount": 0,
        "turn_count": 0
    },
    "4631": {
        "playcount": 0,
        "turn_count": 0
    },
    "4632": {
        "playcount": 0,
        "turn_count": 0
    },
    "4633": {
        "playcount": 0,
        "turn_count": 0
    },
    "4634": {
        "playcount": 0,
        "turn_count": 0
    },
    "4635": {
        "playcount": 0,
        "turn_count": 0
    },
    "4636": {
        "playcount": 0,
        "turn_count": 0
    },
    "4641": {
        "playcount": 0,
        "turn_count": 0
    },
    "4642": {
        "playcount": 0,
        "turn_count": 0
    },
    "4643": {
        "playcount": 0,
        "turn_count": 0
    },
    "4644": {
        "playcount": 0,
        "turn_count": 0
    },
    "4645": {
        "playcount": 0,
        "turn_count": 0
    },
    "4646": {
        "playcount": 0,
        "turn_count": 0
    },
    "4651": {
        "playcount": 0,
        "turn_count": 0
    },
    "4652": {
        "playcount": 0,
        "turn_count": 0
    },
    "4653": {
        "playcount": 0,
        "turn_count": 0
    },
    "4654": {
        "playcount": 0,
        "turn_count": 0
    },
    "4655": {
        "playcount": 0,
        "turn_count": 0
    },
    "4656": {
        "playcount": 0,
        "turn_count": 0
    },
    "4661": {
        "playcount": 0,
        "turn_count": 0
    },
    "4662": {
        "playcount": 0,
        "turn_count": 0
    },
    "4663": {
        "playcount": 0,
        "turn_count": 0
    },
    "4664": {
        "playcount": 0,
        "turn_count": 0
    },
    "4665": {
        "playcount": 0,
        "turn_count": 0
    },
    "4666": {
        "playcount": 0,
        "turn_count": 0
    },
    "5111": {
        "playcount": 0,
        "turn_count": 0
    },
    "5112": {
        "playcount": 0,
        "turn_count": 0
    },
    "5113": {
        "playcount": 0,
        "turn_count": 0
    },
    "5114": {
        "playcount": 0,
        "turn_count": 0
    },
    "5115": {
        "playcount": 0,
        "turn_count": 0
    },
    "5116": {
        "playcount": 0,
        "turn_count": 0
    },
    "5121": {
        "playcount": 0,
        "turn_count": 0
    },
    "5122": {
        "playcount": 0,
        "turn_count": 0
    },
    "5123": {
        "playcount": 0,
        "turn_count": 0
    },
    "5124": {
        "playcount": 0,
        "turn_count": 0
    },
    "5125": {
        "playcount": 0,
        "turn_count": 0
    },
    "5126": {
        "playcount": 0,
        "turn_count": 0
    },
    "5131": {
        "playcount": 0,
        "turn_count": 0
    },
    "5132": {
        "playcount": 0,
        "turn_count": 0
    },
    "5133": {
        "playcount": 0,
        "turn_count": 0
    },
    "5134": {
        "playcount": 0,
        "turn_count": 0
    },
    "5135": {
        "playcount": 0,
        "turn_count": 0
    },
    "5136": {
        "playcount": 0,
        "turn_count": 0
    },
    "5141": {
        "playcount": 0,
        "turn_count": 0
    },
    "5142": {
        "playcount": 0,
        "turn_count": 0
    },
    "5143": {
        "playcount": 0,
        "turn_count": 0
    },
    "5144": {
        "playcount": 0,
        "turn_count": 0
    },
    "5145": {
        "playcount": 0,
        "turn_count": 0
    },
    "5146": {
        "playcount": 0,
        "turn_count": 0
    },
    "5151": {
        "playcount": 0,
        "turn_count": 0
    },
    "5152": {
        "playcount": 0,
        "turn_count": 0
    },
    "5153": {
        "playcount": 0,
        "turn_count": 0
    },
    "5154": {
        "playcount": 0,
        "turn_count": 0
    },
    "5155": {
        "playcount": 0,
        "turn_count": 0
    },
    "5156": {
        "playcount": 0,
        "turn_count": 0
    },
    "5161": {
        "playcount": 0,
        "turn_count": 0
    },
    "5162": {
        "playcount": 0,
        "turn_count": 0
    },
    "5163": {
        "playcount": 0,
        "turn_count": 0
    },
    "5164": {
        "playcount": 0,
        "turn_count": 0
    },
    "5165": {
        "playcount": 0,
        "turn_count": 0
    },
    "5166": {
        "playcount": 0,
        "turn_count": 0
    },
    "5211": {
        "playcount": 0,
        "turn_count": 0
    },
    "5212": {
        "playcount": 0,
        "turn_count": 0
    },
    "5213": {
        "playcount": 0,
        "turn_count": 0
    },
    "5214": {
        "playcount": 0,
        "turn_count": 0
    },
    "5215": {
        "playcount": 0,
        "turn_count": 0
    },
    "5216": {
        "playcount": 0,
        "turn_count": 0
    },
    "5221": {
        "playcount": 0,
        "turn_count": 0
    },
    "5222": {
        "playcount": 0,
        "turn_count": 0
    },
    "5223": {
        "playcount": 0,
        "turn_count": 0
    },
    "5224": {
        "playcount": 0,
        "turn_count": 0
    },
    "5225": {
        "playcount": 0,
        "turn_count": 0
    },
    "5226": {
        "playcount": 0,
        "turn_count": 0
    },
    "5231": {
        "playcount": 0,
        "turn_count": 0
    },
    "5232": {
        "playcount": 0,
        "turn_count": 0
    },
    "5233": {
        "playcount": 0,
        "turn_count": 0
    },
    "5234": {
        "playcount": 0,
        "turn_count": 0
    },
    "5235": {
        "playcount": 0,
        "turn_count": 0
    },
    "5236": {
        "playcount": 0,
        "turn_count": 0
    },
    "5241": {
        "playcount": 0,
        "turn_count": 0
    },
    "5242": {
        "playcount": 0,
        "turn_count": 0
    },
    "5243": {
        "playcount": 0,
        "turn_count": 0
    },
    "5244": {
        "playcount": 0,
        "turn_count": 0
    },
    "5245": {
        "playcount": 0,
        "turn_count": 0
    },
    "5246": {
        "playcount": 0,
        "turn_count": 0
    },
    "5251": {
        "playcount": 0,
        "turn_count": 0
    },
    "5252": {
        "playcount": 0,
        "turn_count": 0
    },
    "5253": {
        "playcount": 0,
        "turn_count": 0
    },
    "5254": {
        "playcount": 0,
        "turn_count": 0
    },
    "5255": {
        "playcount": 0,
        "turn_count": 0
    },
    "5256": {
        "playcount": 0,
        "turn_count": 0
    },
    "5261": {
        "playcount": 0,
        "turn_count": 0
    },
    "5262": {
        "playcount": 0,
        "turn_count": 0
    },
    "5263": {
        "playcount": 0,
        "turn_count": 0
    },
    "5264": {
        "playcount": 0,
        "turn_count": 0
    },
    "5265": {
        "playcount": 0,
        "turn_count": 0
    },
    "5266": {
        "playcount": 0,
        "turn_count": 0
    },
    "5311": {
        "playcount": 0,
        "turn_count": 0
    },
    "5312": {
        "playcount": 0,
        "turn_count": 0
    },
    "5313": {
        "playcount": 0,
        "turn_count": 0
    },
    "5314": {
        "playcount": 0,
        "turn_count": 0
    },
    "5315": {
        "playcount": 0,
        "turn_count": 0
    },
    "5316": {
        "playcount": 0,
        "turn_count": 0
    },
    "5321": {
        "playcount": 0,
        "turn_count": 0
    },
    "5322": {
        "playcount": 0,
        "turn_count": 0
    },
    "5323": {
        "playcount": 0,
        "turn_count": 0
    },
    "5324": {
        "playcount": 0,
        "turn_count": 0
    },
    "5325": {
        "playcount": 0,
        "turn_count": 0
    },
    "5326": {
        "playcount": 0,
        "turn_count": 0
    },
    "5331": {
        "playcount": 0,
        "turn_count": 0
    },
    "5332": {
        "playcount": 0,
        "turn_count": 0
    },
    "5333": {
        "playcount": 0,
        "turn_count": 0
    },
    "5334": {
        "playcount": 0,
        "turn_count": 0
    },
    "5335": {
        "playcount": 0,
        "turn_count": 0
    },
    "5336": {
        "playcount": 0,
        "turn_count": 0
    },
    "5341": {
        "playcount": 0,
        "turn_count": 0
    },
    "5342": {
        "playcount": 0,
        "turn_count": 0
    },
    "5343": {
        "playcount": 0,
        "turn_count": 0
    },
    "5344": {
        "playcount": 0,
        "turn_count": 0
    },
    "5345": {
        "playcount": 0,
        "turn_count": 0
    },
    "5346": {
        "playcount": 0,
        "turn_count": 0
    },
    "5351": {
        "playcount": 0,
        "turn_count": 0
    },
    "5352": {
        "playcount": 0,
        "turn_count": 0
    },
    "5353": {
        "playcount": 0,
        "turn_count": 0
    },
    "5354": {
        "playcount": 0,
        "turn_count": 0
    },
    "5355": {
        "playcount": 0,
        "turn_count": 0
    },
    "5356": {
        "playcount": 0,
        "turn_count": 0
    },
    "5361": {
        "playcount": 0,
        "turn_count": 0
    },
    "5362": {
        "playcount": 0,
        "turn_count": 0
    },
    "5363": {
        "playcount": 0,
        "turn_count": 0
    },
    "5364": {
        "playcount": 0,
        "turn_count": 0
    },
    "5365": {
        "playcount": 0,
        "turn_count": 0
    },
    "5366": {
        "playcount": 0,
        "turn_count": 0
    },
    "5411": {
        "playcount": 0,
        "turn_count": 0
    },
    "5412": {
        "playcount": 0,
        "turn_count": 0
    },
    "5413": {
        "playcount": 0,
        "turn_count": 0
    },
    "5414": {
        "playcount": 0,
        "turn_count": 0
    },
    "5415": {
        "playcount": 0,
        "turn_count": 0
    },
    "5416": {
        "playcount": 0,
        "turn_count": 0
    },
    "5421": {
        "playcount": 0,
        "turn_count": 0
    },
    "5422": {
        "playcount": 0,
        "turn_count": 0
    },
    "5423": {
        "playcount": 0,
        "turn_count": 0
    },
    "5424": {
        "playcount": 0,
        "turn_count": 0
    },
    "5425": {
        "playcount": 0,
        "turn_count": 0
    },
    "5426": {
        "playcount": 0,
        "turn_count": 0
    },
    "5431": {
        "playcount": 0,
        "turn_count": 0
    },
    "5432": {
        "playcount": 0,
        "turn_count": 0
    },
    "5433": {
        "playcount": 0,
        "turn_count": 0
    },
    "5434": {
        "playcount": 0,
        "turn_count": 0
    },
    "5435": {
        "playcount": 0,
        "turn_count": 0
    },
    "5436": {
        "playcount": 0,
        "turn_count": 0
    },
    "5441": {
        "playcount": 0,
        "turn_count": 0
    },
    "5442": {
        "playcount": 0,
        "turn_count": 0
    },
    "5443": {
        "playcount": 0,
        "turn_count": 0
    },
    "5444": {
        "playcount": 0,
        "turn_count": 0
    },
    "5445": {
        "playcount": 0,
        "turn_count": 0
    },
    "5446": {
        "playcount": 0,
        "turn_count": 0
    },
    "5451": {
        "playcount": 0,
        "turn_count": 0
    },
    "5452": {
        "playcount": 0,
        "turn_count": 0
    },
    "5453": {
        "playcount": 0,
        "turn_count": 0
    },
    "5454": {
        "playcount": 0,
        "turn_count": 0
    },
    "5455": {
        "playcount": 0,
        "turn_count": 0
    },
    "5456": {
        "playcount": 0,
        "turn_count": 0
    },
    "5461": {
        "playcount": 0,
        "turn_count": 0
    },
    "5462": {
        "playcount": 0,
        "turn_count": 0
    },
    "5463": {
        "playcount": 0,
        "turn_count": 0
    },
    "5464": {
        "playcount": 0,
        "turn_count": 0
    },
    "5465": {
        "playcount": 0,
        "turn_count": 0
    },
    "5466": {
        "playcount": 0,
        "turn_count": 0
    },
    "5511": {
        "playcount": 0,
        "turn_count": 0
    },
    "5512": {
        "playcount": 0,
        "turn_count": 0
    },
    "5513": {
        "playcount": 0,
        "turn_count": 0
    },
    "5514": {
        "playcount": 0,
        "turn_count": 0
    },
    "5515": {
        "playcount": 0,
        "turn_count": 0
    },
    "5516": {
        "playcount": 0,
        "turn_count": 0
    },
    "5521": {
        "playcount": 0,
        "turn_count": 0
    },
    "5522": {
        "playcount": 0,
        "turn_count": 0
    },
    "5523": {
        "playcount": 0,
        "turn_count": 0
    },
    "5524": {
        "playcount": 0,
        "turn_count": 0
    },
    "5525": {
        "playcount": 0,
        "turn_count": 0
    },
    "5526": {
        "playcount": 0,
        "turn_count": 0
    },
    "5531": {
        "playcount": 0,
        "turn_count": 0
    },
    "5532": {
        "playcount": 0,
        "turn_count": 0
    },
    "5533": {
        "playcount": 0,
        "turn_count": 0
    },
    "5534": {
        "playcount": 0,
        "turn_count": 0
    },
    "5535": {
        "playcount": 0,
        "turn_count": 0
    },
    "5536": {
        "playcount": 0,
        "turn_count": 0
    },
    "5541": {
        "playcount": 0,
        "turn_count": 0
    },
    "5542": {
        "playcount": 0,
        "turn_count": 0
    },
    "5543": {
        "playcount": 0,
        "turn_count": 0
    },
    "5544": {
        "playcount": 0,
        "turn_count": 0
    },
    "5545": {
        "playcount": 0,
        "turn_count": 0
    },
    "5546": {
        "playcount": 0,
        "turn_count": 0
    },
    "5551": {
        "playcount": 0,
        "turn_count": 0
    },
    "5552": {
        "playcount": 0,
        "turn_count": 0
    },
    "5553": {
        "playcount": 0,
        "turn_count": 0
    },
    "5554": {
        "playcount": 0,
        "turn_count": 0
    },
    "5555": {
        "playcount": 0,
        "turn_count": 0
    },
    "5556": {
        "playcount": 0,
        "turn_count": 0
    },
    "5561": {
        "playcount": 0,
        "turn_count": 0
    },
    "5562": {
        "playcount": 0,
        "turn_count": 0
    },
    "5563": {
        "playcount": 0,
        "turn_count": 0
    },
    "5564": {
        "playcount": 0,
        "turn_count": 0
    },
    "5565": {
        "playcount": 0,
        "turn_count": 0
    },
    "5566": {
        "playcount": 0,
        "turn_count": 0
    },
    "5611": {
        "playcount": 0,
        "turn_count": 0
    },
    "5612": {
        "playcount": 0,
        "turn_count": 0
    },
    "5613": {
        "playcount": 0,
        "turn_count": 0
    },
    "5614": {
        "playcount": 0,
        "turn_count": 0
    },
    "5615": {
        "playcount": 0,
        "turn_count": 0
    },
    "5616": {
        "playcount": 0,
        "turn_count": 0
    },
    "5621": {
        "playcount": 0,
        "turn_count": 0
    },
    "5622": {
        "playcount": 0,
        "turn_count": 0
    },
    "5623": {
        "playcount": 0,
        "turn_count": 0
    },
    "5624": {
        "playcount": 0,
        "turn_count": 0
    },
    "5625": {
        "playcount": 0,
        "turn_count": 0
    },
    "5626": {
        "playcount": 0,
        "turn_count": 0
    },
    "5631": {
        "playcount": 0,
        "turn_count": 0
    },
    "5632": {
        "playcount": 0,
        "turn_count": 0
    },
    "5633": {
        "playcount": 0,
        "turn_count": 0
    },
    "5634": {
        "playcount": 0,
        "turn_count": 0
    },
    "5635": {
        "playcount": 0,
        "turn_count": 0
    },
    "5636": {
        "playcount": 0,
        "turn_count": 0
    },
    "5641": {
        "playcount": 0,
        "turn_count": 0
    },
    "5642": {
        "playcount": 0,
        "turn_count": 0
    },
    "5643": {
        "playcount": 0,
        "turn_count": 0
    },
    "5644": {
        "playcount": 0,
        "turn_count": 0
    },
    "5645": {
        "playcount": 0,
        "turn_count": 0
    },
    "5646": {
        "playcount": 0,
        "turn_count": 0
    },
    "5651": {
        "playcount": 0,
        "turn_count": 0
    },
    "5652": {
        "playcount": 0,
        "turn_count": 0
    },
    "5653": {
        "playcount": 0,
        "turn_count": 0
    },
    "5654": {
        "playcount": 0,
        "turn_count": 0
    },
    "5655": {
        "playcount": 0,
        "turn_count": 0
    },
    "5656": {
        "playcount": 0,
        "turn_count": 0
    },
    "5661": {
        "playcount": 0,
        "turn_count": 0
    },
    "5662": {
        "playcount": 0,
        "turn_count": 0
    },
    "5663": {
        "playcount": 0,
        "turn_count": 0
    },
    "5664": {
        "playcount": 0,
        "turn_count": 0
    },
    "5665": {
        "playcount": 0,
        "turn_count": 0
    },
    "5666": {
        "playcount": 0,
        "turn_count": 0
    },
    "6111": {
        "playcount": 0,
        "turn_count": 0
    },
    "6112": {
        "playcount": 0,
        "turn_count": 0
    },
    "6113": {
        "playcount": 0,
        "turn_count": 0
    },
    "6114": {
        "playcount": 0,
        "turn_count": 0
    },
    "6115": {
        "playcount": 0,
        "turn_count": 0
    },
    "6116": {
        "playcount": 0,
        "turn_count": 0
    },
    "6121": {
        "playcount": 0,
        "turn_count": 0
    },
    "6122": {
        "playcount": 0,
        "turn_count": 0
    },
    "6123": {
        "playcount": 0,
        "turn_count": 0
    },
    "6124": {
        "playcount": 0,
        "turn_count": 0
    },
    "6125": {
        "playcount": 0,
        "turn_count": 0
    },
    "6126": {
        "playcount": 0,
        "turn_count": 0
    },
    "6131": {
        "playcount": 0,
        "turn_count": 0
    },
    "6132": {
        "playcount": 0,
        "turn_count": 0
    },
    "6133": {
        "playcount": 0,
        "turn_count": 0
    },
    "6134": {
        "playcount": 0,
        "turn_count": 0
    },
    "6135": {
        "playcount": 0,
        "turn_count": 0
    },
    "6136": {
        "playcount": 0,
        "turn_count": 0
    },
    "6141": {
        "playcount": 0,
        "turn_count": 0
    },
    "6142": {
        "playcount": 0,
        "turn_count": 0
    },
    "6143": {
        "playcount": 0,
        "turn_count": 0
    },
    "6144": {
        "playcount": 0,
        "turn_count": 0
    },
    "6145": {
        "playcount": 0,
        "turn_count": 0
    },
    "6146": {
        "playcount": 0,
        "turn_count": 0
    },
    "6151": {
        "playcount": 0,
        "turn_count": 0
    },
    "6152": {
        "playcount": 0,
        "turn_count": 0
    },
    "6153": {
        "playcount": 0,
        "turn_count": 0
    },
    "6154": {
        "playcount": 0,
        "turn_count": 0
    },
    "6155": {
        "playcount": 0,
        "turn_count": 0
    },
    "6156": {
        "playcount": 0,
        "turn_count": 0
    },
    "6161": {
        "playcount": 0,
        "turn_count": 0
    },
    "6162": {
        "playcount": 0,
        "turn_count": 0
    },
    "6163": {
        "playcount": 0,
        "turn_count": 0
    },
    "6164": {
        "playcount": 0,
        "turn_count": 0
    },
    "6165": {
        "playcount": 0,
        "turn_count": 0
    },
    "6166": {
        "playcount": 0,
        "turn_count": 0
    },
    "6211": {
        "playcount": 0,
        "turn_count": 0
    },
    "6212": {
        "playcount": 0,
        "turn_count": 0
    },
    "6213": {
        "playcount": 0,
        "turn_count": 0
    },
    "6214": {
        "playcount": 0,
        "turn_count": 0
    },
    "6215": {
        "playcount": 0,
        "turn_count": 0
    },
    "6216": {
        "playcount": 0,
        "turn_count": 0
    },
    "6221": {
        "playcount": 0,
        "turn_count": 0
    },
    "6222": {
        "playcount": 0,
        "turn_count": 0
    },
    "6223": {
        "playcount": 0,
        "turn_count": 0
    },
    "6224": {
        "playcount": 0,
        "turn_count": 0
    },
    "6225": {
        "playcount": 0,
        "turn_count": 0
    },
    "6226": {
        "playcount": 0,
        "turn_count": 0
    },
    "6231": {
        "playcount": 0,
        "turn_count": 0
    },
    "6232": {
        "playcount": 0,
        "turn_count": 0
    },
    "6233": {
        "playcount": 0,
        "turn_count": 0
    },
    "6234": {
        "playcount": 0,
        "turn_count": 0
    },
    "6235": {
        "playcount": 0,
        "turn_count": 0
    },
    "6236": {
        "playcount": 0,
        "turn_count": 0
    },
    "6241": {
        "playcount": 0,
        "turn_count": 0
    },
    "6242": {
        "playcount": 0,
        "turn_count": 0
    },
    "6243": {
        "playcount": 0,
        "turn_count": 0
    },
    "6244": {
        "playcount": 0,
        "turn_count": 0
    },
    "6245": {
        "playcount": 0,
        "turn_count": 0
    },
    "6246": {
        "playcount": 0,
        "turn_count": 0
    },
    "6251": {
        "playcount": 0,
        "turn_count": 0
    },
    "6252": {
        "playcount": 0,
        "turn_count": 0
    },
    "6253": {
        "playcount": 0,
        "turn_count": 0
    },
    "6254": {
        "playcount": 0,
        "turn_count": 0
    },
    "6255": {
        "playcount": 0,
        "turn_count": 0
    },
    "6256": {
        "playcount": 0,
        "turn_count": 0
    },
    "6261": {
        "playcount": 0,
        "turn_count": 0
    },
    "6262": {
        "playcount": 0,
        "turn_count": 0
    },
    "6263": {
        "playcount": 0,
        "turn_count": 0
    },
    "6264": {
        "playcount": 0,
        "turn_count": 0
    },
    "6265": {
        "playcount": 0,
        "turn_count": 0
    },
    "6266": {
        "playcount": 0,
        "turn_count": 0
    },
    "6311": {
        "playcount": 0,
        "turn_count": 0
    },
    "6312": {
        "playcount": 0,
        "turn_count": 0
    },
    "6313": {
        "playcount": 0,
        "turn_count": 0
    },
    "6314": {
        "playcount": 0,
        "turn_count": 0
    },
    "6315": {
        "playcount": 0,
        "turn_count": 0
    },
    "6316": {
        "playcount": 0,
        "turn_count": 0
    },
    "6321": {
        "playcount": 0,
        "turn_count": 0
    },
    "6322": {
        "playcount": 0,
        "turn_count": 0
    },
    "6323": {
        "playcount": 0,
        "turn_count": 0
    },
    "6324": {
        "playcount": 0,
        "turn_count": 0
    },
    "6325": {
        "playcount": 0,
        "turn_count": 0
    },
    "6326": {
        "playcount": 0,
        "turn_count": 0
    },
    "6331": {
        "playcount": 0,
        "turn_count": 0
    },
    "6332": {
        "playcount": 0,
        "turn_count": 0
    },
    "6333": {
        "playcount": 0,
        "turn_count": 0
    },
    "6334": {
        "playcount": 0,
        "turn_count": 0
    },
    "6335": {
        "playcount": 0,
        "turn_count": 0
    },
    "6336": {
        "playcount": 0,
        "turn_count": 0
    },
    "6341": {
        "playcount": 0,
        "turn_count": 0
    },
    "6342": {
        "playcount": 0,
        "turn_count": 0
    },
    "6343": {
        "playcount": 0,
        "turn_count": 0
    },
    "6344": {
        "playcount": 0,
        "turn_count": 0
    },
    "6345": {
        "playcount": 0,
        "turn_count": 0
    },
    "6346": {
        "playcount": 0,
        "turn_count": 0
    },
    "6351": {
        "playcount": 0,
        "turn_count": 0
    },
    "6352": {
        "playcount": 0,
        "turn_count": 0
    },
    "6353": {
        "playcount": 0,
        "turn_count": 0
    },
    "6354": {
        "playcount": 0,
        "turn_count": 0
    },
    "6355": {
        "playcount": 0,
        "turn_count": 0
    },
    "6356": {
        "playcount": 0,
        "turn_count": 0
    },
    "6361": {
        "playcount": 0,
        "turn_count": 0
    },
    "6362": {
        "playcount": 0,
        "turn_count": 0
    },
    "6363": {
        "playcount": 0,
        "turn_count": 0
    },
    "6364": {
        "playcount": 0,
        "turn_count": 0
    },
    "6365": {
        "playcount": 0,
        "turn_count": 0
    },
    "6366": {
        "playcount": 0,
        "turn_count": 0
    },
    "6411": {
        "playcount": 0,
        "turn_count": 0
    },
    "6412": {
        "playcount": 0,
        "turn_count": 0
    },
    "6413": {
        "playcount": 0,
        "turn_count": 0
    },
    "6414": {
        "playcount": 0,
        "turn_count": 0
    },
    "6415": {
        "playcount": 0,
        "turn_count": 0
    },
    "6416": {
        "playcount": 0,
        "turn_count": 0
    },
    "6421": {
        "playcount": 0,
        "turn_count": 0
    },
    "6422": {
        "playcount": 0,
        "turn_count": 0
    },
    "6423": {
        "playcount": 0,
        "turn_count": 0
    },
    "6424": {
        "playcount": 0,
        "turn_count": 0
    },
    "6425": {
        "playcount": 0,
        "turn_count": 0
    },
    "6426": {
        "playcount": 0,
        "turn_count": 0
    },
    "6431": {
        "playcount": 0,
        "turn_count": 0
    },
    "6432": {
        "playcount": 0,
        "turn_count": 0
    },
    "6433": {
        "playcount": 0,
        "turn_count": 0
    },
    "6434": {
        "playcount": 0,
        "turn_count": 0
    },
    "6435": {
        "playcount": 0,
        "turn_count": 0
    },
    "6436": {
        "playcount": 0,
        "turn_count": 0
    },
    "6441": {
        "playcount": 0,
        "turn_count": 0
    },
    "6442": {
        "playcount": 0,
        "turn_count": 0
    },
    "6443": {
        "playcount": 0,
        "turn_count": 0
    },
    "6444": {
        "playcount": 0,
        "turn_count": 0
    },
    "6445": {
        "playcount": 0,
        "turn_count": 0
    },
    "6446": {
        "playcount": 0,
        "turn_count": 0
    },
    "6451": {
        "playcount": 0,
        "turn_count": 0
    },
    "6452": {
        "playcount": 0,
        "turn_count": 0
    },
    "6453": {
        "playcount": 0,
        "turn_count": 0
    },
    "6454": {
        "playcount": 0,
        "turn_count": 0
    },
    "6455": {
        "playcount": 0,
        "turn_count": 0
    },
    "6456": {
        "playcount": 0,
        "turn_count": 0
    },
    "6461": {
        "playcount": 0,
        "turn_count": 0
    },
    "6462": {
        "playcount": 0,
        "turn_count": 0
    },
    "6463": {
        "playcount": 0,
        "turn_count": 0
    },
    "6464": {
        "playcount": 0,
        "turn_count": 0
    },
    "6465": {
        "playcount": 0,
        "turn_count": 0
    },
    "6466": {
        "playcount": 0,
        "turn_count": 0
    },
    "6511": {
        "playcount": 0,
        "turn_count": 0
    },
    "6512": {
        "playcount": 0,
        "turn_count": 0
    },
    "6513": {
        "playcount": 0,
        "turn_count": 0
    },
    "6514": {
        "playcount": 0,
        "turn_count": 0
    },
    "6515": {
        "playcount": 0,
        "turn_count": 0
    },
    "6516": {
        "playcount": 0,
        "turn_count": 0
    },
    "6521": {
        "playcount": 0,
        "turn_count": 0
    },
    "6522": {
        "playcount": 0,
        "turn_count": 0
    },
    "6523": {
        "playcount": 0,
        "turn_count": 0
    },
    "6524": {
        "playcount": 0,
        "turn_count": 0
    },
    "6525": {
        "playcount": 0,
        "turn_count": 0
    },
    "6526": {
        "playcount": 0,
        "turn_count": 0
    },
    "6531": {
        "playcount": 0,
        "turn_count": 0
    },
    "6532": {
        "playcount": 0,
        "turn_count": 0
    },
    "6533": {
        "playcount": 0,
        "turn_count": 0
    },
    "6534": {
        "playcount": 0,
        "turn_count": 0
    },
    "6535": {
        "playcount": 0,
        "turn_count": 0
    },
    "6536": {
        "playcount": 0,
        "turn_count": 0
    },
    "6541": {
        "playcount": 0,
        "turn_count": 0
    },
    "6542": {
        "playcount": 0,
        "turn_count": 0
    },
    "6543": {
        "playcount": 0,
        "turn_count": 0
    },
    "6544": {
        "playcount": 0,
        "turn_count": 0
    },
    "6545": {
        "playcount": 0,
        "turn_count": 0
    },
    "6546": {
        "playcount": 0,
        "turn_count": 0
    },
    "6551": {
        "playcount": 0,
        "turn_count": 0
    },
    "6552": {
        "playcount": 0,
        "turn_count": 0
    },
    "6553": {
        "playcount": 0,
        "turn_count": 0
    },
    "6554": {
        "playcount": 0,
        "turn_count": 0
    },
    "6555": {
        "playcount": 0,
        "turn_count": 0
    },
    "6556": {
        "playcount": 0,
        "turn_count": 0
    },
    "6561": {
        "playcount": 0,
        "turn_count": 0
    },
    "6562": {
        "playcount": 0,
        "turn_count": 0
    },
    "6563": {
        "playcount": 0,
        "turn_count": 0
    },
    "6564": {
        "playcount": 0,
        "turn_count": 0
    },
    "6565": {
        "playcount": 0,
        "turn_count": 0
    },
    "6566": {
        "playcount": 0,
        "turn_count": 0
    },
    "6611": {
        "playcount": 0,
        "turn_count": 0
    },
    "6612": {
        "playcount": 0,
        "turn_count": 0
    },
    "6613": {
        "playcount": 0,
        "turn_count": 0
    },
    "6614": {
        "playcount": 0,
        "turn_count": 0
    },
    "6615": {
        "playcount": 0,
        "turn_count": 0
    },
    "6616": {
        "playcount": 0,
        "turn_count": 0
    },
    "6621": {
        "playcount": 0,
        "turn_count": 0
    },
    "6622": {
        "playcount": 0,
        "turn_count": 0
    },
    "6623": {
        "playcount": 0,
        "turn_count": 0
    },
    "6624": {
        "playcount": 0,
        "turn_count": 0
    },
    "6625": {
        "playcount": 0,
        "turn_count": 0
    },
    "6626": {
        "playcount": 0,
        "turn_count": 0
    },
    "6631": {
        "playcount": 0,
        "turn_count": 0
    },
    "6632": {
        "playcount": 0,
        "turn_count": 0
    },
    "6633": {
        "playcount": 0,
        "turn_count": 0
    },
    "6634": {
        "playcount": 0,
        "turn_count": 0
    },
    "6635": {
        "playcount": 0,
        "turn_count": 0
    },
    "6636": {
        "playcount": 0,
        "turn_count": 0
    },
    "6641": {
        "playcount": 0,
        "turn_count": 0
    },
    "6642": {
        "playcount": 0,
        "turn_count": 0
    },
    "6643": {
        "playcount": 0,
        "turn_count": 0
    },
    "6644": {
        "playcount": 0,
        "turn_count": 0
    },
    "6645": {
        "playcount": 0,
        "turn_count": 0
    },
    "6646": {
        "playcount": 0,
        "turn_count": 0
    },
    "6651": {
        "playcount": 0,
        "turn_count": 0
    },
    "6652": {
        "playcount": 0,
        "turn_count": 0
    },
    "6653": {
        "playcount": 0,
        "turn_count": 0
    },
    "6654": {
        "playcount": 0,
        "turn_count": 0
    },
    "6655": {
        "playcount": 0,
        "turn_count": 0
    },
    "6656": {
        "playcount": 0,
        "turn_count": 0
    },
    "6661": {
        "playcount": 0,
        "turn_count": 0
    },
    "6662": {
        "playcount": 0,
        "turn_count": 0
    },
    "6663": {
        "playcount": 0,
        "turn_count": 0
    },
    "6664": {
        "playcount": 0,
        "turn_count": 0
    },
    "6665": {
        "playcount": 0,
        "turn_count": 0
    },
    "6666": {
        "playcount": 0,
        "turn_count": 0
    }
}